# Argonia, Kansas (Up to date)
# 1569 data points written for 4 variables.
# Simulation warnings:
#   Body calculations may not be entirely accurate at supersonic speeds.
#   Recovery device deployment at high speed (78.5 mph)
#
# Time (s),Altitude (ft),Vertical velocity (mph),Vertical acceleration (G)
# Event IGNITION occurred at t=0 seconds
# Event LAUNCH occurred at t=0 seconds
0.01,0.012,1.614,7.359
0.02,0.047,3.228,7.361
# Event LIFTOFF occurred at t=0.03 seconds
0.03,0.107,4.843,7.363
0.04,0.189,6.458,7.365
0.05,0.296,8.074,7.367
0.06,0.426,9.69,7.369
0.07,0.58,11.306,7.371
0.08,0.758,12.923,7.372
0.09,0.959,14.541,7.374
0.1,1.184,16.158,7.376
0.11,1.433,17.777,7.378
0.12,1.706,19.395,7.38
0.13,2.002,21.014,7.382
0.14,2.322,22.634,7.384
0.15,2.666,24.253,7.386
0.16,3.034,25.874,7.388
0.17,3.425,27.494,7.389
0.18,3.84,29.115,7.391
0.19,4.279,30.737,7.393
0.2,4.742,32.359,7.395
0.21,5.228,33.981,7.397
0.22,5.739,35.604,7.399
0.23,6.273,37.227,7.401
0.24,6.831,38.85,7.402
0.25,7.412,40.474,7.404
0.26,8.018,42.099,7.406
0.27,8.647,43.723,7.408
0.28,9.3,45.348,7.41
0.29,9.977,46.974,7.412
0.3,10.678,48.6,7.413
0.31,11.403,50.226,7.415
0.32,12.152,51.853,7.417
0.33,12.924,53.48,7.419
0.34,13.72,55.108,7.421
0.35,14.541,56.736,7.422
0.36,15.385,58.364,7.424
0.37,16.253,59.992,7.426
# Event LAUNCHROD occurred at t=0.38 seconds
0.38,17.144,61.621,7.427
0.395,18.527,64.065,7.429
0.418,20.702,67.732,7.432
0.451,24.19,73.234,7.437
0.501,29.86,81.39,7.443
0.551,36.128,89.552,7.448
0.601,42.994,97.718,7.453
0.651,50.46,105.889,7.457
0.701,58.524,114.064,7.46
0.751,67.189,122.242,7.463
0.801,76.453,130.423,7.465
0.851,86.318,138.606,7.466
0.901,96.782,146.79,7.467
0.951,107.847,154.974,7.466
1.001,119.511,163.157,7.466
1.051,131.776,171.338,7.464
1.101,144.641,179.516,7.459
1.151,158.105,187.682,7.448
1.201,172.167,195.834,7.435
1.251,186.826,203.973,7.422
1.301,202.082,212.096,7.408
1.351,217.933,220.204,7.394
1.401,234.378,228.297,7.381
1.451,251.416,236.375,7.368
1.501,269.046,244.437,7.353
1.551,287.266,252.483,7.341
1.601,306.076,260.518,7.331
1.651,325.475,268.543,7.324
1.701,345.462,276.56,7.317
1.751,366.037,284.57,7.311
1.801,387.198,292.575,7.306
1.851,408.947,300.574,7.301
1.901,431.282,308.565,7.293
1.951,454.203,316.548,7.284
2.001,477.709,324.52,7.273
2.051,501.798,332.478,7.26
2.101,526.471,340.421,7.244
2.151,551.726,348.345,7.227
2.201,577.561,356.245,7.203
2.251,603.974,364.117,7.177
2.301,630.964,371.959,7.149
2.351,658.527,379.77,7.119
2.401,686.662,387.548,7.09
2.451,715.366,395.294,7.061
2.501,744.638,403.01,7.035
2.551,774.473,410.699,7.014
2.601,804.873,418.366,6.994
2.651,835.833,426.013,6.977
2.701,867.354,433.642,6.96
2.751,899.433,441.252,6.943
2.801,932.07,448.842,6.922
2.851,965.262,456.407,6.899
2.901,999.008,463.943,6.871
2.951,1033.306,471.447,6.84
3.001,1068.153,478.915,6.805
3.051,1103.546,486.343,6.767
3.101,1139.482,493.729,6.73
3.151,1175.958,501.077,6.697
3.201,1212.972,508.39,6.668
3.251,1250.521,515.673,6.642
3.301,1288.603,522.929,6.617
3.351,1327.216,530.156,6.591
3.401,1366.358,537.355,6.564
3.451,1406.027,544.522,6.533
3.501,1446.22,551.652,6.497
3.551,1486.934,558.742,6.459
3.601,1528.167,565.786,6.417
3.651,1569.915,572.784,6.373
3.701,1612.174,579.733,6.33
3.751,1654.941,586.64,6.294
3.801,1698.213,593.509,6.263
3.851,1741.988,600.346,6.233
3.901,1786.262,607.148,6.199
3.951,1831.035,613.911,6.161
4.001,1876.301,620.629,6.118
4.051,1922.058,627.297,6.07
4.101,1968.303,633.912,6.023
4.151,2015.031,640.476,5.977
4.201,2062.238,646.992,5.936
4.251,2109.921,653.464,5.897
4.301,2158.078,659.893,5.855
4.351,2206.704,666.275,5.813
4.401,2255.797,672.609,5.765
4.451,2305.352,678.891,5.719
4.501,2355.365,685.12,5.672
4.551,2405.834,691.302,5.634
4.601,2456.755,697.448,5.603
4.651,2508.125,703.559,5.571
4.701,2559.943,709.635,5.536
4.751,2612.204,715.665,5.49
4.801,2664.905,721.644,5.443
4.851,2718.043,727.572,5.401
4.901,2771.614,733.458,5.363
4.951,2825.615,739.301,5.324
5.001,2880.044,745.103,5.285
5.051,2934.896,750.867,5.253
5.101,2990.17,756.595,5.22
5.151,3045.862,762.284,5.182
5.201,3101.97,767.934,5.148
5.251,3158.491,773.544,5.112
5.301,3215.422,779.119,5.083
5.351,3272.76,784.664,5.055
5.401,3330.505,790.179,5.025
5.451,3388.652,795.657,4.99
5.501,3447.2,801.097,4.957
5.551,3506.145,806.508,4.935
5.601,3565.487,811.896,4.913
5.651,3625.222,817.258,4.887
5.701,3685.35,822.589,4.856
5.751,3745.867,827.879,4.819
5.801,3806.771,833.129,4.784
5.851,3868.059,838.346,4.758
5.901,3929.728,843.538,4.735
5.951,3991.776,848.702,4.707
6.001,4054.203,853.834,4.675
6.051,4117.004,858.929,4.642
6.101,4180.178,863.986,4.607
6.151,4243.721,869.003,4.573
6.201,4307.63,873.989,4.547
6.251,4371.905,878.947,4.52
6.301,4436.541,883.876,4.494
6.351,4501.539,888.772,4.46
6.401,4566.893,893.628,4.422
6.451,4632.603,898.444,4.391
6.501,4698.664,903.232,4.368
6.551,4765.076,907.995,4.342
6.601,4831.836,912.726,4.309
6.651,4898.941,917.415,4.272
6.701,4966.388,922.065,4.239
6.751,5034.176,926.686,4.216
6.801,5102.301,931.283,4.193
6.851,5170.763,935.85,4.161
6.901,5239.558,940.376,4.122
6.951,5308.683,944.86,4.087
7.001,5378.136,949.309,4.059
7.051,5447.914,953.733,4.035
7.101,5518.016,958.128,4.005
7.151,5588.438,962.472,3.956
7.201,5659.176,966.737,3.883
7.251,5730.223,970.926,3.821
7.301,5801.576,975.056,3.771
7.351,5873.229,979.13,3.716
7.401,5945.179,983.139,3.651
7.451,6017.421,987.075,3.584
7.501,6089.947,990.923,3.506
7.551,6162.752,994.668,3.416
7.601,6235.828,998.318,3.332
7.651,6309.169,1001.877,3.245
7.701,6382.767,1005.337,3.151
7.751,6456.614,1008.685,3.047
7.801,6530.703,1011.92,2.951
7.851,6605.025,1015.055,2.866
7.901,6679.574,1018.093,2.773
7.951,6754.342,1021.021,2.667
8.001,6829.319,1023.827,2.554
8.051,6904.498,1026.509,2.444
8.101,6979.87,1029.073,2.34
8.151,7055.425,1031.527,2.243
8.201,7131.156,1033.877,2.146
8.251,7207.056,1036.112,2.036
8.301,7283.115,1038.22,1.918
8.351,7359.324,1040.199,1.807
8.401,7435.673,1042.062,1.703
8.451,7512.155,1043.816,1.605
8.501,7588.762,1045.457,1.496
8.551,7665.484,1046.975,1.382
8.601,7742.314,1048.365,1.267
8.651,7819.24,1049.63,1.157
8.701,7896.255,1050.781,1.056
8.751,7973.35,1051.818,0.947
8.801,8050.517,1052.732,0.833
8.851,8127.746,1053.52,0.72
8.901,8205.029,1054.189,0.615
8.951,8282.356,1054.746,0.512
9.001,8359.721,1055.192,0.41
9.051,8437.114,1055.521,0.3
9.101,8514.526,1055.732,0.194
9.151,8591.95,1055.823,0.086
9.201,8669.376,1055.801,-0.014
9.251,8746.797,1055.673,-0.112
9.301,8824.205,1055.464,-0.189
9.351,8901.595,1055.176,-0.26
9.401,8978.961,1054.81,-0.331
9.451,9056.298,1054.369,-0.397
9.501,9133.599,1053.857,-0.461
9.551,9210.861,1053.271,-0.532
9.601,9288.076,1052.607,-0.603
9.651,9365.241,1051.888,-0.651
9.701,9442.351,1051.125,-0.69
9.751,9519.404,1050.317,-0.733
9.801,9596.396,1049.461,-0.777
9.851,9673.323,1048.557,-0.82
9.901,9750.182,1047.608,-0.86
9.951,9826.97,1046.614,-0.903
10.001,9903.684,1045.581,-0.937
10.051,9980.321,1044.519,-0.962
10.101,1.006e4,1043.427,-0.993
10.151,1.013e4,1042.296,-1.029
10.201,1.021e4,1041.131,-1.055
10.251,1.029e4,1039.939,-1.081
# Event BURNOUT occurred at t=10.298 seconds
10.298,1.036e4,1038.799,-1.107
10.348,1.043e4,1035.416,-3.079
10.398,1.051e4,1032.047,-3.064
10.448,1.058e4,1028.692,-3.052
10.498,1.066e4,1025.352,-3.037
10.548,1.074e4,1022.03,-3.021
10.598,1.081e4,1018.725,-3.005
10.648,1.088e4,1015.439,-2.988
10.698,1.096e4,1012.169,-2.975
10.748,1.103e4,1008.912,-2.965
10.798,1.111e4,1005.666,-2.952
10.848,1.118e4,1002.437,-2.934
10.898,1.125e4,999.229,-2.916
10.948,1.133e4,996.038,-2.903
10.998,1.14e4,992.863,-2.889
11.048,1.147e4,989.699,-2.878
11.098,1.155e4,986.548,-2.866
11.148,1.162e4,983.415,-2.847
11.198,1.169e4,980.302,-2.83
11.248,1.176e4,977.204,-2.821
11.298,1.183e4,974.114,-2.813
11.348,1.19e4,971.035,-2.799
11.398,1.198e4,967.974,-2.782
11.448,1.205e4,964.935,-2.762
11.498,1.212e4,961.912,-2.754
11.548,1.219e4,958.895,-2.746
11.598,1.226e4,955.886,-2.738
11.648,1.233e4,952.891,-2.721
11.698,1.24e4,949.915,-2.705
11.748,1.247e4,946.957,-2.69
11.798,1.254e4,944.014,-2.679
11.848,1.261e4,941.081,-2.67
11.898,1.267e4,938.158,-2.661
11.948,1.274e4,935.244,-2.649
11.998,1.281e4,932.345,-2.636
12.048,1.288e4,929.464,-2.618
12.098,1.295e4,926.601,-2.605
12.148,1.302e4,923.746,-2.602
12.198,1.308e4,920.893,-2.597
12.248,1.315e4,918.051,-2.582
12.298,1.322e4,915.231,-2.561
12.348,1.328e4,912.432,-2.547
12.398,1.335e4,909.642,-2.543
12.448,1.342e4,906.853,-2.539
12.498,1.348e4,904.072,-2.529
12.548,1.355e4,901.308,-2.511
12.598,1.362e4,898.564,-2.495
12.648,1.368e4,895.832,-2.487
12.698,1.375e4,893.107,-2.482
12.748,1.381e4,890.389,-2.473
12.798,1.388e4,887.681,-2.463
12.848,1.394e4,884.987,-2.449
12.898,1.401e4,882.31,-2.434
12.948,1.407e4,879.644,-2.428
12.998,1.414e4,876.981,-2.426
13.048,1.42e4,874.324,-2.417
13.098,1.427e4,871.683,-2.399
13.148,1.433e4,869.06,-2.386
13.198,1.439e4,866.448,-2.379
13.248,1.446e4,863.84,-2.377
13.298,1.452e4,861.235,-2.37
13.348,1.458e4,858.641,-2.358
13.398,1.465e4,856.065,-2.341
13.448,1.471e4,853.505,-2.329
13.498,1.477e4,850.956,-2.321
13.548,1.483e4,848.413,-2.318
13.598,1.49e4,845.869,-2.317
13.648,1.496e4,843.333,-2.303
13.698,1.502e4,840.817,-2.286
13.748,1.508e4,838.319,-2.271
13.798,1.514e4,835.832,-2.268
13.848,1.52e4,833.345,-2.266
13.898,1.526e4,830.86,-2.264
13.948,1.533e4,828.382,-2.252
13.998,1.539e4,825.921,-2.235
14.048,1.545e4,823.479,-2.221
14.098,1.551e4,821.047,-2.216
14.148,1.557e4,818.618,-2.212
14.198,1.563e4,816.193,-2.209
14.248,1.569e4,813.772,-2.203
14.298,1.575e4,811.361,-2.192
14.348,1.581e4,808.965,-2.177
14.398,1.586e4,806.586,-2.164
14.448,1.592e4,804.215,-2.162
14.498,1.598e4,801.844,-2.161
14.548,1.604e4,799.475,-2.157
14.598,1.61e4,797.115,-2.145
14.648,1.616e4,794.77,-2.132
14.698,1.622e4,792.438,-2.121
14.748,1.627e4,790.116,-2.115
14.798,1.633e4,787.798,-2.112
14.848,1.639e4,785.483,-2.108
14.898,1.645e4,783.174,-2.102
14.948,1.65e4,780.874,-2.092
14.998,1.656e4,778.587,-2.078
15.048,1.662e4,776.314,-2.069
15.098,1.668e4,774.047,-2.066
15.148,1.673e4,771.782,-2.062
15.198,1.679e4,769.521,-2.059
15.248,1.685e4,767.268,-2.049
15.298,1.69e4,765.028,-2.036
15.348,1.696e4,762.8,-2.028
15.398,1.701e4,760.579,-2.023
15.448,1.707e4,758.362,-2.019
15.498,1.712e4,756.15,-2.014
15.548,1.718e4,753.944,-2.008
15.598,1.724e4,751.746,-1.999
15.648,1.729e4,749.558,-1.991
15.698,1.735e4,747.377,-1.986
15.748,1.74e4,745.206,-1.974
15.798,1.745e4,743.043,-1.97
15.848,1.751e4,740.885,-1.965
15.898,1.756e4,738.731,-1.962
15.948,1.762e4,736.581,-1.957
15.998,1.767e4,734.44,-1.948
16.048,1.772e4,732.307,-1.941
16.098,1.778e4,730.184,-1.931
16.148,1.783e4,728.072,-1.921
16.198,1.789e4,725.968,-1.915
16.248,1.794e4,723.869,-1.912
16.298,1.799e4,721.771,-1.913
16.348,1.804e4,719.673,-1.911
16.398,1.81e4,717.583,-1.899
16.448,1.815e4,715.507,-1.886
16.498,1.82e4,713.445,-1.876
16.548,1.825e4,711.393,-1.867
16.598,1.831e4,709.346,-1.866
16.648,1.836e4,707.298,-1.869
16.698,1.841e4,705.249,-1.864
16.748,1.846e4,703.209,-1.856
16.798,1.851e4,701.176,-1.85
16.848,1.856e4,699.153,-1.84
16.898,1.862e4,697.141,-1.829
16.948,1.867e4,695.14,-1.822
16.998,1.872e4,693.144,-1.818
17.048,1.877e4,691.152,-1.814
17.098,1.882e4,689.165,-1.809
17.148,1.887e4,687.182,-1.806
17.198,1.892e4,685.205,-1.799
17.248,1.897e4,683.236,-1.79
17.298,1.902e4,681.278,-1.781
17.348,1.907e4,679.329,-1.773
17.398,1.912e4,677.389,-1.766
17.448,1.917e4,675.455,-1.761
17.498,1.922e4,673.526,-1.757
17.548,1.927e4,671.6,-1.754
17.598,1.932e4,669.678,-1.75
17.648,1.937e4,667.762,-1.744
17.698,1.942e4,665.854,-1.734
17.748,1.946e4,663.958,-1.723
17.798,1.951e4,662.072,-1.718
17.848,1.956e4,660.19,-1.713
17.898,1.961e4,658.312,-1.712
17.948,1.966e4,656.433,-1.714
17.998,1.971e4,654.555,-1.71
18.048,1.975e4,652.684,-1.701
18.098,1.98e4,650.823,-1.691
18.148,1.985e4,648.976,-1.679
18.198,1.99e4,647.138,-1.672
18.248,1.994e4,645.306,-1.67
18.298,1.999e4,643.474,-1.671
18.348,2.004e4,641.641,-1.671
18.398,2.009e4,639.807,-1.671
18.448,2.013e4,637.978,-1.664
18.498,2.018e4,636.16,-1.651
18.548,2.023e4,634.354,-1.642
18.598,2.027e4,632.558,-1.635
18.648,2.032e4,630.769,-1.628
18.698,2.036e4,628.983,-1.63
18.748,2.041e4,627.194,-1.631
18.798,2.046e4,625.405,-1.63
18.848,2.05e4,623.619,-1.625
18.898,2.055e4,621.842,-1.615
18.948,2.059e4,620.076,-1.605
18.998,2.064e4,618.322,-1.594
19.048,2.068e4,616.578,-1.586
19.098,2.073e4,614.843,-1.58
19.148,2.077e4,613.111,-1.578
19.198,2.082e4,611.381,-1.576
19.248,2.086e4,609.652,-1.576
19.298,2.091e4,607.925,-1.572
19.348,2.095e4,606.203,-1.567
19.398,2.1e4,604.489,-1.558
19.448,2.104e4,602.786,-1.547
19.498,2.109e4,601.095,-1.537
19.548,2.113e4,599.413,-1.532
19.598,2.117e4,597.735,-1.528
19.648,2.122e4,596.06,-1.527
19.698,2.126e4,594.385,-1.527
19.748,2.13e4,592.711,-1.524
19.798,2.135e4,591.041,-1.521
19.848,2.139e4,589.377,-1.514
19.898,2.143e4,587.721,-1.505
19.948,2.148e4,586.075,-1.498
19.998,2.152e4,584.436,-1.491
20.048,2.156e4,582.804,-1.487
20.098,2.161e4,581.175,-1.484
20.148,2.165e4,579.548,-1.482
20.198,2.169e4,577.924,-1.481
20.248,2.173e4,576.301,-1.478
20.298,2.178e4,574.682,-1.474
20.348,2.182e4,573.068,-1.469
20.398,2.186e4,571.462,-1.46
20.448,2.19e4,569.865,-1.453
20.498,2.194e4,568.274,-1.448
20.548,2.198e4,566.687,-1.446
20.598,2.203e4,565.101,-1.445
20.648,2.207e4,563.516,-1.443
20.698,2.211e4,561.935,-1.441
20.748,2.215e4,560.356,-1.438
20.798,2.219e4,558.78,-1.434
20.848,2.223e4,557.209,-1.43
20.898,2.227e4,555.645,-1.423
20.948,2.231e4,554.088,-1.417
20.998,2.235e4,552.537,-1.412
21.048,2.239e4,550.99,-1.408
21.098,2.243e4,549.447,-1.405
21.148,2.248e4,547.907,-1.403
21.198,2.252e4,546.368,-1.403
21.248,2.256e4,544.83,-1.402
21.298,2.26e4,543.293,-1.399
21.348,2.264e4,541.76,-1.397
21.398,2.267e4,540.23,-1.393
21.448,2.271e4,538.705,-1.387
21.498,2.275e4,537.189,-1.379
21.548,2.279e4,535.678,-1.376
21.598,2.283e4,534.171,-1.372
21.648,2.287e4,532.668,-1.37
21.698,2.291e4,531.166,-1.368
21.748,2.295e4,529.666,-1.367
21.798,2.299e4,528.167,-1.366
21.848,2.303e4,526.67,-1.364
21.898,2.307e4,525.175,-1.362
21.948,2.31e4,523.683,-1.358
21.998,2.314e4,522.197,-1.352
22.048,2.318e4,520.716,-1.348
22.098,2.322e4,519.241,-1.343
22.148,2.326e4,517.771,-1.338
22.198,2.329e4,516.304,-1.338
22.248,2.333e4,514.837,-1.337
22.298,2.337e4,513.373,-1.334
22.348,2.341e4,511.911,-1.331
22.398,2.345e4,510.453,-1.329
22.448,2.348e4,508.996,-1.327
22.498,2.352e4,507.542,-1.325
22.548,2.356e4,506.09,-1.322
22.598,2.359e4,504.641,-1.321
22.648,2.363e4,503.194,-1.317
22.698,2.367e4,501.75,-1.315
22.748,2.37e4,500.31,-1.311
22.798,2.374e4,498.874,-1.308
22.848,2.378e4,497.442,-1.304
22.898,2.381e4,496.014,-1.3
22.948,2.385e4,494.589,-1.298
22.998,2.389e4,493.168,-1.295
23.048,2.392e4,491.747,-1.295
23.098,2.396e4,490.328,-1.294
23.148,2.399e4,488.91,-1.291
23.198,2.403e4,487.495,-1.289
23.248,2.407e4,486.082,-1.286
23.298,2.41e4,484.672,-1.285
23.348,2.414e4,483.265,-1.282
23.398,2.417e4,481.859,-1.282
23.448,2.421e4,480.454,-1.28
23.498,2.424e4,479.051,-1.278
23.548,2.428e4,477.651,-1.275
23.598,2.431e4,476.254,-1.273
23.648,2.435e4,474.86,-1.27
23.698,2.438e4,473.47,-1.266
23.748,2.442e4,472.083,-1.262
23.798,2.445e4,470.7,-1.26
23.848,2.449e4,469.319,-1.257
23.898,2.452e4,467.942,-1.255
23.948,2.456e4,466.566,-1.254
23.998,2.459e4,465.191,-1.253
24.048,2.462e4,463.817,-1.251
24.098,2.466e4,462.445,-1.251
24.148,2.469e4,461.073,-1.249
24.198,2.472e4,459.704,-1.248
24.248,2.476e4,458.336,-1.246
24.298,2.479e4,456.971,-1.244
24.348,2.483e4,455.609,-1.24
24.398,2.486e4,454.25,-1.238
24.448,2.489e4,452.892,-1.237
24.498,2.493e4,451.537,-1.234
24.548,2.496e4,450.186,-1.231
24.598,2.499e4,448.837,-1.228
24.648,2.502e4,447.493,-1.224
24.698,2.506e4,446.151,-1.222
24.748,2.509e4,444.811,-1.221
24.798,2.512e4,443.473,-1.219
24.848,2.515e4,442.135,-1.221
24.898,2.519e4,440.796,-1.22
24.948,2.522e4,439.456,-1.222
24.998,2.525e4,438.116,-1.221
25.048,2.528e4,436.777,-1.22
25.098,2.532e4,435.44,-1.219
25.148,2.535e4,434.106,-1.214
25.198,2.538e4,432.777,-1.209
25.248,2.541e4,431.452,-1.206
25.298,2.544e4,430.132,-1.201
25.348,2.547e4,428.817,-1.198
25.398,2.551e4,427.504,-1.196
25.448,2.554e4,426.193,-1.196
25.498,2.557e4,424.881,-1.196
25.548,2.56e4,423.568,-1.198
25.598,2.563e4,422.253,-1.199
25.648,2.566e4,420.938,-1.198
25.698,2.569e4,419.624,-1.197
25.748,2.572e4,418.313,-1.195
25.798,2.575e4,417.004,-1.192
25.848,2.578e4,415.698,-1.189
25.898,2.581e4,414.395,-1.186
25.948,2.584e4,413.095,-1.184
25.998,2.587e4,411.797,-1.182
26.048,2.59e4,410.502,-1.18
26.098,2.593e4,409.208,-1.179
26.148,2.596e4,407.915,-1.179
26.198,2.599e4,406.624,-1.176
26.248,2.602e4,405.335,-1.174
26.298,2.605e4,404.048,-1.174
26.348,2.608e4,402.76,-1.173
26.398,2.611e4,401.475,-1.171
26.448,2.614e4,400.192,-1.169
26.498,2.617e4,398.91,-1.169
26.548,2.62e4,397.627,-1.169
26.598,2.623e4,396.346,-1.168
26.648,2.626e4,395.066,-1.166
26.698,2.629e4,393.787,-1.165
26.748,2.632e4,392.509,-1.165
26.798,2.635e4,391.232,-1.163
26.848,2.637e4,389.957,-1.162
26.898,2.64e4,388.684,-1.16
26.948,2.643e4,387.413,-1.157
26.998,2.646e4,386.145,-1.155
27.048,2.649e4,384.879,-1.152
27.098,2.652e4,383.617,-1.15
27.148,2.654e4,382.356,-1.149
27.198,2.657e4,381.096,-1.148
27.248,2.66e4,379.838,-1.146
27.298,2.663e4,378.582,-1.144
27.348,2.666e4,377.327,-1.145
27.398,2.668e4,376.071,-1.144
27.448,2.671e4,374.817,-1.141
27.498,2.674e4,373.566,-1.141
27.548,2.677e4,372.314,-1.141
27.598,2.679e4,371.061,-1.143
27.648,2.682e4,369.808,-1.141
27.698,2.685e4,368.556,-1.142
27.748,2.687e4,367.303,-1.142
27.798,2.69e4,366.052,-1.141
27.848,2.693e4,364.801,-1.139
27.898,2.695e4,363.552,-1.138
27.948,2.698e4,362.306,-1.134
27.998,2.701e4,361.064,-1.131
28.048,2.703e4,359.825,-1.128
28.098,2.706e4,358.59,-1.124
28.148,2.709e4,357.358,-1.123
28.198,2.711e4,356.126,-1.122
28.248,2.714e4,354.897,-1.12
28.298,2.717e4,353.669,-1.119
28.348,2.719e4,352.442,-1.118
28.398,2.722e4,351.216,-1.12
28.448,2.724e4,349.986,-1.122
28.498,2.727e4,348.755,-1.123
28.548,2.729e4,347.522,-1.125
28.598,2.732e4,346.288,-1.125
28.648,2.734e4,345.053,-1.126
28.698,2.737e4,343.818,-1.126
28.748,2.739e4,342.584,-1.125
28.798,2.742e4,341.353,-1.12
28.848,2.744e4,340.125,-1.118
28.898,2.747e4,338.901,-1.114
28.948,2.749e4,337.681,-1.11
28.998,2.752e4,336.466,-1.107
29.048,2.754e4,335.254,-1.104
29.098,2.757e4,334.044,-1.102
29.148,2.759e4,332.837,-1.1
29.198,2.762e4,331.631,-1.098
29.248,2.764e4,330.426,-1.098
29.298,2.767e4,329.221,-1.099
29.348,2.769e4,328.016,-1.098
29.398,2.771e4,326.811,-1.099
29.448,2.774e4,325.604,-1.1
29.498,2.776e4,324.396,-1.103
29.548,2.779e4,323.186,-1.104
29.598,2.781e4,321.975,-1.105
29.648,2.783e4,320.763,-1.106
29.698,2.786e4,319.55,-1.107
29.748,2.788e4,318.337,-1.105
29.798,2.79e4,317.126,-1.104
29.848,2.793e4,315.916,-1.102
29.898,2.795e4,314.708,-1.099
29.948,2.797e4,313.504,-1.097
29.998,2.8e4,312.302,-1.095
30.048,2.802e4,311.103,-1.092
30.098,2.804e4,309.907,-1.089
30.148,2.806e4,308.713,-1.087
30.198,2.809e4,307.523,-1.084
30.248,2.811e4,306.336,-1.081
30.298,2.813e4,305.151,-1.08
30.348,2.815e4,303.968,-1.078
30.398,2.818e4,302.786,-1.077
30.448,2.82e4,301.604,-1.078
30.498,2.822e4,300.422,-1.077
30.548,2.824e4,299.239,-1.079
30.598,2.826e4,298.055,-1.081
30.648,2.829e4,296.868,-1.084
30.698,2.831e4,295.677,-1.086
30.748,2.833e4,294.485,-1.088
30.798,2.835e4,293.291,-1.088
30.848,2.837e4,292.097,-1.09
30.898,2.839e4,290.903,-1.088
30.948,2.841e4,289.711,-1.086
30.998,2.844e4,288.521,-1.085
31.048,2.846e4,287.333,-1.082
31.098,2.848e4,286.148,-1.078
31.148,2.85e4,284.968,-1.074
31.198,2.852e4,283.791,-1.072
31.248,2.854e4,282.616,-1.069
31.298,2.856e4,281.445,-1.066
31.348,2.858e4,280.277,-1.064
31.398,2.86e4,279.111,-1.062
31.448,2.862e4,277.947,-1.062
31.498,2.864e4,276.782,-1.063
31.548,2.866e4,275.616,-1.063
31.598,2.868e4,274.45,-1.063
31.648,2.87e4,273.283,-1.065
31.698,2.872e4,272.114,-1.066
31.748,2.874e4,270.943,-1.068
31.798,2.876e4,269.772,-1.069
31.848,2.878e4,268.598,-1.072
31.898,2.88e4,267.423,-1.071
31.948,2.882e4,266.248,-1.071
31.998,2.884e4,265.072,-1.072
32.048,2.886e4,263.897,-1.072
32.098,2.888e4,262.721,-1.071
32.148,2.89e4,261.548,-1.068
32.198,2.892e4,260.378,-1.066
32.248,2.894e4,259.21,-1.063
32.298,2.896e4,258.046,-1.06
32.348,2.898e4,256.885,-1.057
32.398,2.899e4,255.726,-1.055
32.448,2.901e4,254.57,-1.053
32.498,2.903e4,253.415,-1.052
32.548,2.905e4,252.262,-1.05
32.598,2.907e4,251.111,-1.049
32.648,2.909e4,249.961,-1.048
32.698,2.911e4,248.812,-1.047
32.748,2.912e4,247.664,-1.047
32.798,2.914e4,246.516,-1.047
32.848,2.916e4,245.367,-1.047
32.898,2.918e4,244.218,-1.048
32.948,2.92e4,243.068,-1.049
32.998,2.921e4,241.917,-1.051
33.048,2.923e4,240.763,-1.053
33.098,2.925e4,239.608,-1.054
33.148,2.927e4,238.452,-1.054
33.198,2.928e4,237.296,-1.054
33.248,2.93e4,236.14,-1.054
33.298,2.932e4,234.984,-1.055
33.348,2.934e4,233.828,-1.054
33.398,2.935e4,232.673,-1.052
33.448,2.937e4,231.518,-1.053
33.498,2.939e4,230.364,-1.051
33.548,2.94e4,229.212,-1.05
33.598,2.942e4,228.061,-1.048
33.648,2.944e4,226.912,-1.047
33.698,2.945e4,225.765,-1.045
33.748,2.947e4,224.62,-1.043
33.798,2.949e4,223.476,-1.042
33.848,2.95e4,222.333,-1.042
33.898,2.952e4,221.191,-1.041
33.948,2.954e4,220.049,-1.04
33.998,2.955e4,218.909,-1.039
34.048,2.957e4,217.769,-1.038
34.098,2.958e4,216.631,-1.036
34.148,2.96e4,215.495,-1.035
34.198,2.961e4,214.36,-1.035
34.248,2.963e4,213.225,-1.034
34.298,2.965e4,212.091,-1.034
34.348,2.966e4,210.957,-1.034
34.398,2.968e4,209.823,-1.034
34.448,2.969e4,208.689,-1.034
34.498,2.971e4,207.555,-1.033
34.548,2.972e4,206.421,-1.034
34.598,2.974e4,205.287,-1.035
34.648,2.975e4,204.152,-1.034
34.698,2.977e4,203.018,-1.035
34.748,2.978e4,201.882,-1.035
34.798,2.98e4,200.747,-1.035
34.848,2.981e4,199.611,-1.035
34.898,2.983e4,198.476,-1.036
34.948,2.984e4,197.34,-1.035
34.998,2.986e4,196.204,-1.035
35.048,2.987e4,195.07,-1.034
35.098,2.988e4,193.936,-1.034
35.148,2.99e4,192.802,-1.034
35.198,2.991e4,191.668,-1.033
35.248,2.993e4,190.535,-1.033
35.298,2.994e4,189.402,-1.033
35.348,2.995e4,188.271,-1.031
35.398,2.997e4,187.14,-1.03
35.448,2.998e4,186.011,-1.03
35.498,3e4,184.881,-1.03
35.548,3.001e4,183.752,-1.029
35.598,3.002e4,182.624,-1.028
35.648,3.004e4,181.497,-1.028
35.698,3.005e4,180.371,-1.026
35.748,3.006e4,179.246,-1.025
35.798,3.008e4,178.123,-1.024
35.848,3.009e4,177,-1.023
35.898,3.01e4,175.877,-1.023
35.948,3.011e4,174.755,-1.023
35.998,3.013e4,173.634,-1.022
36.048,3.014e4,172.513,-1.022
36.098,3.015e4,171.391,-1.022
36.148,3.016e4,170.27,-1.022
36.198,3.018e4,169.149,-1.023
36.248,3.019e4,168.027,-1.022
36.298,3.02e4,166.906,-1.023
36.348,3.021e4,165.784,-1.023
36.398,3.023e4,164.663,-1.022
36.448,3.024e4,163.541,-1.023
36.498,3.025e4,162.419,-1.023
36.548,3.026e4,161.297,-1.022
36.598,3.027e4,160.176,-1.022
36.648,3.029e4,159.055,-1.023
36.698,3.03e4,157.933,-1.022
36.748,3.031e4,156.812,-1.023
36.798,3.032e4,155.69,-1.022
36.848,3.033e4,154.569,-1.022
36.898,3.034e4,153.448,-1.022
36.948,3.035e4,152.327,-1.022
36.998,3.037e4,151.207,-1.02
37.048,3.038e4,150.089,-1.019
37.098,3.039e4,148.972,-1.018
37.148,3.04e4,147.856,-1.017
37.198,3.041e4,146.741,-1.016
37.248,3.042e4,145.627,-1.015
37.298,3.043e4,144.514,-1.015
37.348,3.044e4,143.401,-1.015
37.398,3.045e4,142.287,-1.015
37.448,3.046e4,141.173,-1.015
37.498,3.047e4,140.06,-1.015
37.548,3.048e4,138.948,-1.013
37.598,3.049e4,137.837,-1.013
37.648,3.05e4,136.727,-1.012
37.698,3.051e4,135.617,-1.012
37.748,3.052e4,134.508,-1.011
37.798,3.053e4,133.399,-1.011
37.848,3.054e4,132.29,-1.01
37.898,3.055e4,131.182,-1.011
37.948,3.056e4,130.073,-1.011
37.998,3.057e4,128.964,-1.011
38.048,3.058e4,127.855,-1.01
38.098,3.059e4,126.747,-1.011
38.148,3.06e4,125.638,-1.011
38.198,3.061e4,124.529,-1.01
38.248,3.062e4,123.421,-1.01
38.298,3.063e4,122.313,-1.01
38.348,3.063e4,121.205,-1.01
38.398,3.064e4,120.097,-1.01
38.448,3.065e4,118.989,-1.01
38.498,3.066e4,117.881,-1.01
38.548,3.067e4,116.773,-1.01
38.598,3.068e4,115.664,-1.011
38.648,3.069e4,114.555,-1.011
38.698,3.069e4,113.446,-1.012
38.748,3.07e4,112.336,-1.012
38.798,3.071e4,111.226,-1.011
38.848,3.072e4,110.117,-1.012
38.898,3.073e4,109.007,-1.012
38.948,3.074e4,107.898,-1.011
38.998,3.074e4,106.788,-1.012
39.048,3.075e4,105.679,-1.012
39.098,3.076e4,104.57,-1.011
39.148,3.077e4,103.461,-1.01
39.198,3.077e4,102.353,-1.011
39.248,3.078e4,101.244,-1.01
39.298,3.079e4,100.136,-1.011
39.348,3.08e4,99.028,-1.01
39.398,3.08e4,97.921,-1.009
39.448,3.081e4,96.814,-1.009
39.498,3.082e4,95.709,-1.007
39.548,3.082e4,94.604,-1.007
39.598,3.083e4,93.501,-1.005
39.648,3.084e4,92.398,-1.005
39.698,3.085e4,91.297,-1.004
39.748,3.085e4,90.196,-1.003
39.798,3.086e4,89.097,-1.002
39.848,3.086e4,87.998,-1.001
39.898,3.087e4,86.9,-1.001
39.948,3.088e4,85.803,-0.999
39.998,3.088e4,84.707,-1
40.048,3.089e4,83.61,-1
40.098,3.09e4,82.514,-1
40.148,3.09e4,81.417,-1
40.198,3.091e4,80.321,-1
40.248,3.091e4,79.224,-1
40.298,3.092e4,78.127,-1
40.348,3.093e4,77.031,-1
40.398,3.093e4,75.934,-1
40.448,3.094e4,74.838,-0.999
40.498,3.094e4,73.742,-0.999
40.548,3.095e4,72.646,-0.998
40.598,3.095e4,71.551,-0.998
40.648,3.096e4,70.456,-0.999
40.698,3.096e4,69.361,-0.998
40.748,3.097e4,68.266,-0.999
40.798,3.097e4,67.17,-0.999
40.848,3.098e4,66.074,-0.999
40.898,3.098e4,64.978,-1
40.948,3.099e4,63.881,-1
40.998,3.099e4,62.785,-0.999
41.048,3.1e4,61.689,-0.999
41.098,3.1e4,60.594,-0.999
41.148,3.101e4,59.498,-0.999
41.198,3.101e4,58.402,-0.999
41.248,3.101e4,57.306,-0.999
41.298,3.102e4,56.21,-1
41.348,3.102e4,55.113,-1
41.398,3.103e4,54.017,-1
41.448,3.103e4,52.92,-1
41.498,3.103e4,51.824,-1
41.548,3.104e4,50.727,-0.999
41.598,3.104e4,49.631,-0.999
41.648,3.104e4,48.536,-0.999
41.698,3.105e4,47.44,-0.999
41.748,3.105e4,46.346,-0.998
41.798,3.106e4,45.251,-0.998
41.848,3.106e4,44.156,-0.997
41.898,3.106e4,43.063,-0.997
41.948,3.106e4,41.969,-0.997
41.998,3.107e4,40.876,-0.997
42.048,3.107e4,39.783,-0.997
42.098,3.107e4,38.689,-0.997
42.148,3.108e4,37.596,-0.997
42.198,3.108e4,36.503,-0.997
42.248,3.108e4,35.41,-0.996
42.298,3.108e4,34.317,-0.996
42.348,3.109e4,33.225,-0.996
42.398,3.109e4,32.133,-0.996
42.448,3.109e4,31.041,-0.996
42.498,3.109e4,29.949,-0.996
42.548,3.11e4,28.857,-0.996
42.598,3.11e4,27.765,-0.995
42.648,3.11e4,26.673,-0.995
42.698,3.11e4,25.581,-0.995
42.748,3.11e4,24.49,-0.995
42.798,3.111e4,23.399,-0.995
42.848,3.111e4,22.308,-0.994
42.898,3.111e4,21.217,-0.995
42.948,3.111e4,20.127,-0.994
42.998,3.111e4,19.036,-0.994
43.048,3.111e4,17.946,-0.994
43.098,3.111e4,16.855,-0.994
43.148,3.112e4,15.765,-0.994
43.198,3.112e4,14.675,-0.994
43.248,3.112e4,13.585,-0.994
43.298,3.112e4,12.495,-0.993
43.348,3.112e4,11.405,-0.993
43.398,3.112e4,10.316,-0.993
43.448,3.112e4,9.226,-0.993
43.498,3.112e4,8.137,-0.993
43.548,3.112e4,7.048,-0.993
43.598,3.112e4,5.959,-0.993
43.648,3.112e4,4.87,-0.993
43.698,3.112e4,3.781,-0.993
43.748,3.112e4,2.691,-0.993
43.798,3.112e4,1.602,-0.993
43.848,3.112e4,0.513,-0.993
# Event APOGEE occurred at t=43.898 seconds
43.898,3.112e4,-0.576,-0.993
# Event RECOVERY_DEVICE_DEPLOYMENT occurred at t=43.899 seconds
43.948,3.112e4,-1.665,-0.993
43.953,3.112e4,-1.773,-0.991
44.453,3.112e4,-12.64,-0.991
44.953,3.111e4,-23.121,-0.956
45.453,3.108e4,-33.235,-0.922
45.953,3.106e4,-42.98,-0.888
46.453,3.102e4,-52.348,-0.854
46.953,3.098e4,-61.314,-0.817
47.453,3.093e4,-69.847,-0.778
47.953,3.088e4,-77.936,-0.738
48.453,3.082e4,-85.565,-0.696
48.953,3.075e4,-92.717,-0.652
49.453,3.068e4,-99.37,-0.607
49.953,3.061e4,-105.534,-0.562
50.453,3.053e4,-111.154,-0.512
50.953,3.044e4,-116.303,-0.469
51.453,3.036e4,-120.983,-0.427
51.953,3.027e4,-125.21,-0.385
52.453,3.017e4,-129.013,-0.347
52.953,3.008e4,-132.403,-0.309
53.453,2.998e4,-135.424,-0.275
53.953,2.988e4,-138.094,-0.243
54.453,2.978e4,-140.444,-0.214
54.953,2.967e4,-142.493,-0.187
55.453,2.957e4,-144.284,-0.163
55.953,2.946e4,-145.831,-0.141
56.453,2.935e4,-147.159,-0.121
56.953,2.925e4,-148.289,-0.103
57.453,2.914e4,-149.239,-0.087
57.953,2.903e4,-150.049,-0.074
58.453,2.892e4,-150.717,-0.061
58.953,2.881e4,-151.263,-0.05
59.453,2.87e4,-151.708,-0.041
59.953,2.858e4,-152.059,-0.032
60.453,2.847e4,-152.324,-0.024
60.953,2.836e4,-152.53,-0.019
61.453,2.825e4,-152.661,-0.012
61.953,2.814e4,-152.733,-0.007
62.453,2.802e4,-152.75,-0.002
62.953,2.791e4,-152.719,0.003
63.453,2.78e4,-152.657,0.006
63.953,2.769e4,-152.565,0.008
64.453,2.758e4,-152.444,0.011
64.953,2.747e4,-152.296,0.013
65.453,2.735e4,-152.122,0.016
65.953,2.724e4,-151.932,0.017
66.453,2.713e4,-151.727,0.019
66.953,2.702e4,-151.505,0.02
67.453,2.691e4,-151.276,0.021
67.953,2.68e4,-151.036,0.022
68.453,2.669e4,-150.791,0.022
68.953,2.658e4,-150.536,0.023
69.453,2.647e4,-150.278,0.023
69.953,2.636e4,-150.016,0.024
70.453,2.625e4,-149.746,0.025
70.953,2.614e4,-149.472,0.025
71.453,2.603e4,-149.193,0.025
71.953,2.592e4,-148.912,0.026
72.453,2.581e4,-148.628,0.026
72.953,2.57e4,-148.344,0.026
73.453,2.559e4,-148.059,0.026
73.953,2.548e4,-147.775,0.026
74.453,2.537e4,-147.489,0.026
74.953,2.527e4,-147.206,0.026
75.453,2.516e4,-146.923,0.026
75.953,2.505e4,-146.641,0.026
76.453,2.494e4,-146.361,0.026
76.953,2.484e4,-146.081,0.025
77.453,2.473e4,-145.8,0.026
77.953,2.462e4,-145.519,0.026
78.453,2.452e4,-145.235,0.026
78.953,2.441e4,-144.953,0.026
79.453,2.43e4,-144.673,0.026
79.953,2.42e4,-144.392,0.026
80.453,2.409e4,-144.114,0.025
80.953,2.399e4,-143.838,0.025
81.453,2.388e4,-143.562,0.025
81.953,2.378e4,-143.289,0.025
82.453,2.367e4,-143.017,0.025
82.953,2.357e4,-142.747,0.025
83.453,2.346e4,-142.479,0.024
83.953,2.336e4,-142.214,0.024
84.453,2.325e4,-141.95,0.024
84.953,2.315e4,-141.686,0.024
85.453,2.304e4,-141.421,0.024
85.953,2.294e4,-141.156,0.024
86.453,2.284e4,-140.892,0.024
86.953,2.273e4,-140.629,0.024
87.453,2.263e4,-140.366,0.024
87.953,2.253e4,-140.105,0.024
88.453,2.243e4,-139.845,0.024
88.953,2.232e4,-139.587,0.024
89.453,2.222e4,-139.331,0.023
89.953,2.212e4,-139.077,0.023
90.453,2.202e4,-138.824,0.023
90.953,2.192e4,-138.573,0.023
91.453,2.181e4,-138.324,0.023
91.953,2.171e4,-138.077,0.023
92.453,2.161e4,-137.832,0.022
92.953,2.151e4,-137.586,0.022
93.453,2.141e4,-137.34,0.022
93.953,2.131e4,-137.094,0.022
94.453,2.121e4,-136.849,0.022
94.953,2.111e4,-136.604,0.022
95.453,2.101e4,-136.36,0.022
95.953,2.091e4,-136.117,0.022
96.453,2.081e4,-135.876,0.022
96.953,2.071e4,-135.636,0.022
97.453,2.061e4,-135.397,0.022
97.953,2.051e4,-135.16,0.022
98.453,2.041e4,-134.925,0.021
98.953,2.031e4,-134.691,0.021
99.453,2.021e4,-134.459,0.021
99.953,2.012e4,-134.229,0.021
100.453,2.002e4,-134.001,0.021
100.953,1.992e4,-133.773,0.021
101.453,1.982e4,-133.544,0.021
101.953,1.972e4,-133.315,0.021
102.453,1.962e4,-133.087,0.021
102.953,1.953e4,-132.859,0.021
103.453,1.943e4,-132.631,0.021
103.953,1.933e4,-132.405,0.021
104.453,1.924e4,-132.18,0.021
104.953,1.914e4,-131.956,0.02
105.453,1.904e4,-131.733,0.02
105.953,1.895e4,-131.511,0.02
106.453,1.885e4,-131.291,0.02
106.953,1.875e4,-131.073,0.02
107.453,1.866e4,-130.856,0.02
107.953,1.856e4,-130.64,0.02
108.453,1.847e4,-130.425,0.02
108.953,1.837e4,-130.212,0.019
109.453,1.827e4,-130,0.019
109.953,1.818e4,-129.787,0.019
110.453,1.808e4,-129.574,0.019
110.953,1.799e4,-129.362,0.019
111.453,1.789e4,-129.149,0.019
111.953,1.78e4,-128.938,0.019
112.453,1.771e4,-128.727,0.019
112.953,1.761e4,-128.517,0.019
113.453,1.752e4,-128.308,0.019
113.953,1.742e4,-128.1,0.019
114.453,1.733e4,-127.894,0.019
114.953,1.724e4,-127.689,0.019
115.453,1.714e4,-127.484,0.019
115.953,1.705e4,-127.282,0.018
116.453,1.696e4,-127.081,0.018
116.953,1.686e4,-126.882,0.018
117.453,1.677e4,-126.683,0.018
117.953,1.668e4,-126.486,0.018
118.453,1.658e4,-126.288,0.018
118.953,1.649e4,-126.09,0.018
119.453,1.64e4,-125.891,0.018
119.953,1.631e4,-125.692,0.018
120.453,1.621e4,-125.495,0.018
120.953,1.612e4,-125.298,0.018
121.453,1.603e4,-125.102,0.018
121.953,1.594e4,-124.907,0.018
122.453,1.585e4,-124.712,0.018
122.953,1.576e4,-124.519,0.018
123.453,1.566e4,-124.327,0.018
123.953,1.557e4,-124.136,0.017
124.453,1.548e4,-123.946,0.017
124.953,1.539e4,-123.757,0.017
125.453,1.53e4,-123.57,0.017
125.953,1.521e4,-123.384,0.017
126.453,1.512e4,-123.199,0.017
126.953,1.503e4,-123.016,0.017
127.453,1.494e4,-122.831,0.017
127.953,1.485e4,-122.646,0.017
128.453,1.476e4,-122.461,0.017
128.953,1.467e4,-122.275,0.017
129.453,1.458e4,-122.09,0.017
129.953,1.449e4,-121.905,0.017
130.453,1.44e4,-121.722,0.017
130.953,1.431e4,-121.54,0.017
131.453,1.422e4,-121.359,0.017
131.953,1.413e4,-121.178,0.016
132.453,1.405e4,-120.999,0.016
132.953,1.396e4,-120.82,0.016
133.453,1.387e4,-120.643,0.016
133.953,1.378e4,-120.467,0.016
134.453,1.369e4,-120.292,0.016
134.953,1.36e4,-120.119,0.016
135.453,1.352e4,-119.946,0.016
135.953,1.343e4,-119.775,0.016
136.453,1.334e4,-119.602,0.016
136.953,1.325e4,-119.429,0.016
137.453,1.316e4,-119.257,0.016
137.953,1.308e4,-119.084,0.016
138.453,1.299e4,-118.911,0.016
138.953,1.29e4,-118.739,0.016
139.453,1.282e4,-118.567,0.016
139.953,1.273e4,-118.396,0.016
140.453,1.264e4,-118.226,0.016
140.953,1.256e4,-118.057,0.015
141.453,1.247e4,-117.889,0.015
141.953,1.238e4,-117.721,0.015
142.453,1.23e4,-117.554,0.015
142.953,1.221e4,-117.389,0.015
143.453,1.212e4,-117.224,0.015
143.953,1.204e4,-117.06,0.015
144.453,1.195e4,-116.897,0.015
144.953,1.187e4,-116.736,0.015
145.453,1.178e4,-116.577,0.015
145.953,1.17e4,-116.416,0.015
146.453,1.161e4,-116.255,0.015
146.953,1.153e4,-116.093,0.015
147.453,1.144e4,-115.931,0.015
147.953,1.136e4,-115.77,0.015
148.453,1.127e4,-115.608,0.015
148.953,1.119e4,-115.448,0.015
149.453,1.11e4,-115.288,0.015
149.953,1.102e4,-115.129,0.014
150.453,1.093e4,-114.971,0.014
150.953,1.085e4,-114.813,0.014
151.453,1.076e4,-114.657,0.014
151.953,1.068e4,-114.501,0.014
152.453,1.06e4,-114.346,0.014
152.953,1.051e4,-114.192,0.014
153.453,1.043e4,-114.039,0.014
153.953,1.035e4,-113.887,0.014
154.453,1.026e4,-113.736,0.014
154.953,1.018e4,-113.586,0.014
155.453,1.01e4,-113.436,0.014
155.953,1.001e4,-113.285,0.014
156.453,9928.919,-113.133,0.014
156.953,9846.01,-112.982,0.014
157.453,9763.212,-112.831,0.014
157.953,9680.525,-112.68,0.014
158.453,9597.948,-112.529,0.014
158.953,9515.482,-112.379,0.014
159.453,9433.126,-112.229,0.014
159.953,9350.879,-112.08,0.014
160.453,9268.741,-111.932,0.014
160.953,9186.712,-111.785,0.013
161.453,9104.789,-111.639,0.013
161.953,9022.974,-111.493,0.013
162.453,8941.266,-111.348,0.013
162.953,8859.664,-111.204,0.013
163.453,8778.167,-111.061,0.013
163.953,8696.774,-110.919,0.013
164.453,8615.486,-110.777,0.013
164.953,8534.301,-110.637,0.013
165.453,8453.219,-110.496,0.013
165.953,8372.24,-110.355,0.013
166.453,8291.365,-110.213,0.013
166.953,8210.594,-110.071,0.013
167.453,8129.927,-109.929,0.013
167.953,8049.364,-109.788,0.013
168.453,7968.905,-109.647,0.013
168.953,7888.549,-109.506,0.013
169.453,7808.295,-109.366,0.013
169.953,7728.145,-109.227,0.013
170.453,7648.096,-109.087,0.013
170.953,7568.149,-108.949,0.013
171.453,7488.303,-108.812,0.013
171.953,7408.558,-108.675,0.012
172.453,7328.912,-108.54,0.012
172.953,7249.366,-108.405,0.012
173.453,7169.918,-108.271,0.012
173.953,7090.569,-108.137,0.012
174.453,7011.317,-108.004,0.012
174.953,6932.163,-107.872,0.012
175.453,6853.105,-107.741,0.012
175.953,6774.143,-107.609,0.012
176.453,6695.279,-107.476,0.012
176.953,6616.512,-107.343,0.012
177.453,6537.843,-107.21,0.012
177.953,6459.271,-107.077,0.012
178.453,6380.797,-106.944,0.012
178.953,6302.419,-106.812,0.012
179.453,6224.139,-106.68,0.012
179.953,6145.955,-106.549,0.012
180.453,6067.867,-106.418,0.012
180.953,5989.874,-106.288,0.012
181.453,5911.977,-106.159,0.012
181.953,5834.174,-106.03,0.012
182.453,5756.466,-105.902,0.012
182.953,5678.851,-105.775,0.012
183.453,5601.329,-105.649,0.012
183.953,5523.899,-105.523,0.011
184.453,5446.562,-105.398,0.011
184.953,5369.316,-105.273,0.011
185.453,5292.161,-105.15,0.011
185.953,5215.096,-105.026,0.011
186.453,5138.122,-104.902,0.011
186.953,5061.24,-104.778,0.011
187.453,4984.448,-104.653,0.011
187.953,4907.749,-104.528,0.011
188.453,4831.141,-104.403,0.011
188.953,4754.624,-104.279,0.011
189.453,4678.198,-104.154,0.011
189.953,4601.864,-104.03,0.011
190.453,4525.621,-103.906,0.011
190.953,4449.467,-103.784,0.011
191.453,4373.404,-103.662,0.011
191.953,4297.43,-103.541,0.011
192.453,4221.544,-103.42,0.011
192.953,4145.747,-103.3,0.011
193.453,4070.038,-103.18,0.011
193.953,3994.416,-103.061,0.011
194.453,3918.881,-102.943,0.011
194.953,3843.433,-102.825,0.011
195.453,3768.071,-102.708,0.011
195.953,3692.795,-102.591,0.011
196.453,3617.604,-102.475,0.011
196.953,3542.498,-102.358,0.011
197.453,3467.478,-102.242,0.011
197.953,3392.544,-102.125,0.011
198.453,3317.695,-102.008,0.011
198.953,3242.933,-101.89,0.011
199.453,3168.256,-101.773,0.011
199.953,3093.665,-101.656,0.011
200.453,3019.16,-101.54,0.011
200.953,2944.74,-101.424,0.011
201.453,2870.405,-101.308,0.011
201.953,2796.154,-101.193,0.01
202.453,2721.988,-101.079,0.01
202.953,2647.905,-100.965,0.01
203.453,2573.906,-100.851,0.01
203.953,2499.991,-100.736,0.01
204.453,2426.16,-100.622,0.01
204.953,2352.411,-100.51,0.01
205.453,2278.745,-100.399,0.01
205.953,2205.159,-100.289,0.01
206.453,2131.654,-100.18,0.01
206.953,2058.228,-100.07,0.01
207.453,1984.883,-99.962,0.01
207.953,1911.618,-99.853,0.01
208.453,1838.432,-99.744,0.01
208.953,1765.327,-99.634,0.01
209.453,1692.303,-99.524,0.01
209.953,1619.359,-99.413,0.01
210.453,1546.497,-99.303,0.01
210.953,1473.715,-99.193,0.01
211.453,1401.013,-99.084,0.01
211.953,1328.392,-98.975,0.01
212.453,1255.85,-98.866,0.01
212.953,1183.388,-98.757,0.01
# Event RECOVERY_DEVICE_DEPLOYMENT occurred at t=212.954 seconds
# Event RECOVERY_DEVICE_DEPLOYMENT occurred at t=212.954 seconds
213.453,1111.006,-98.65,0.01
213.454,1110.84,-97.531,44.287
213.455,1110.698,-96.582,43.266
213.456,1110.557,-95.652,42.409
213.457,1110.417,-94.74,41.577
213.458,1110.279,-93.845,40.769
213.459,1110.142,-92.968,39.984
213.46,1110.006,-92.108,39.222
213.461,1109.872,-91.264,38.481
213.462,1109.739,-90.435,37.761
213.463,1109.607,-89.622,37.061
213.464,1109.476,-88.824,36.38
213.465,1109.346,-88.041,35.717
213.466,1109.217,-87.271,35.072
213.467,1109.09,-86.516,34.445
213.468,1108.964,-85.773,33.834
213.469,1108.838,-85.044,33.239
213.47,1108.714,-84.328,32.659
213.471,1108.591,-83.624,32.095
213.472,1108.469,-82.932,31.545
213.473,1108.348,-82.252,31.008
213.474,1108.228,-81.583,30.485
213.475,1108.108,-80.925,29.976
213.476,1107.99,-80.279,29.478
213.477,1107.873,-79.643,28.993
213.478,1107.757,-79.017,28.52
213.479,1107.641,-78.401,28.058
213.48,1107.527,-77.796,27.608
213.481,1107.413,-77.2,27.167
213.482,1107.3,-76.613,26.738
213.483,1107.188,-76.036,26.318
213.484,1107.077,-75.468,25.908
213.485,1106.967,-74.908,25.507
213.486,1106.857,-74.357,25.116
213.487,1106.749,-73.815,24.733
213.488,1106.641,-73.28,24.359
213.489,1106.534,-72.754,23.993
213.49,1106.427,-72.235,23.636
213.491,1106.322,-71.725,23.286
213.492,1106.217,-71.221,22.944
213.493,1106.113,-70.725,22.609
213.494,1106.009,-70.237,22.281
213.495,1105.907,-69.755,21.961
213.496,1105.805,-69.28,21.647
213.497,1105.704,-68.812,21.34
213.498,1105.603,-68.35,21.039
213.499,1105.503,-67.895,20.744
213.5,1105.404,-67.446,20.456
213.501,1105.305,-67.004,20.173
213.502,1105.207,-66.567,19.896
213.503,1105.11,-66.137,19.625
213.504,1105.013,-65.712,19.359
213.505,1104.917,-65.293,19.099
213.506,1104.822,-64.88,18.843
213.507,1104.727,-64.472,18.593
213.508,1104.633,-64.07,18.348
213.509,1104.539,-63.672,18.107
213.51,1104.446,-63.28,17.871
213.511,1104.353,-62.893,17.639
213.512,1104.261,-62.511,17.412
213.513,1104.17,-62.134,17.189
213.514,1104.079,-61.762,16.971
213.515,1103.989,-61.394,16.756
213.516,1103.899,-61.031,16.546
213.517,1103.81,-60.673,16.339
213.518,1103.721,-60.319,16.136
213.519,1103.633,-59.97,15.937
213.52,1103.545,-59.624,15.741
213.521,1103.458,-59.283,15.549
213.522,1103.371,-58.946,15.36
213.523,1103.285,-58.613,15.175
213.524,1103.199,-58.284,14.993
213.525,1103.114,-57.959,14.814
213.526,1103.029,-57.638,14.638
213.527,1102.945,-57.321,14.465
213.528,1102.861,-57.007,14.296
213.529,1102.778,-56.697,14.129
213.53,1102.695,-56.391,13.965
213.531,1102.612,-56.088,13.804
213.532,1102.53,-55.789,13.645
213.533,1102.449,-55.493,13.49
213.534,1102.368,-55.2,13.336
213.535,1102.287,-54.911,13.186
213.536,1102.206,-54.625,13.038
213.537,1102.127,-54.342,12.892
213.538,1102.047,-54.063,12.748
213.539,1101.968,-53.786,12.607
213.54,1101.889,-53.513,12.469
213.541,1101.811,-53.242,12.332
213.542,1101.733,-52.975,12.198
213.543,1101.656,-52.71,12.066
213.544,1101.578,-52.448,11.935
213.545,1101.502,-52.189,11.807
213.546,1101.425,-51.933,11.681
213.547,1101.349,-51.679,11.557
213.548,1101.274,-51.428,11.435
213.549,1101.199,-51.18,11.315
213.55,1101.124,-50.935,11.196
213.551,1101.049,-50.692,11.079
213.552,1100.975,-50.451,10.964
213.553,1100.901,-50.213,10.851
213.554,1100.828,-49.977,10.739
213.555,1100.755,-49.744,10.63
213.556,1100.682,-49.513,10.521
213.557,1100.609,-49.285,10.415
213.558,1100.537,-49.059,10.309
213.559,1100.465,-48.835,10.206
213.56,1100.394,-48.613,10.104
213.561,1100.322,-48.391,10.003
213.562,1100.249,-48.168,9.903
213.563,1100.176,-47.944,9.802
213.564,1100.101,-47.719,9.702
213.565,1100.026,-47.492,9.602
213.566,1099.951,-47.265,9.501
213.568,1099.874,-47.037,9.401
213.569,1099.797,-46.807,9.301
213.57,1099.719,-46.577,9.201
213.571,1099.64,-46.345,9.1
213.572,1099.56,-46.113,9
213.573,1099.479,-45.879,8.9
213.575,1099.397,-45.644,8.8
213.576,1099.314,-45.408,8.7
213.577,1099.231,-45.17,8.599
213.578,1099.146,-44.932,8.499
213.58,1099.061,-44.692,8.399
213.581,1098.974,-44.451,8.299
213.582,1098.887,-44.208,8.199
213.584,1098.798,-43.965,8.099
213.585,1098.708,-43.72,7.999
213.586,1098.617,-43.473,7.899
213.588,1098.525,-43.226,7.799
213.589,1098.432,-42.977,7.699
213.591,1098.338,-42.726,7.599
213.592,1098.242,-42.475,7.499
213.594,1098.145,-42.221,7.399
213.596,1098.047,-41.967,7.299
213.597,1097.947,-41.71,7.199
213.599,1097.846,-41.453,7.1
213.601,1097.744,-41.193,7
213.602,1097.64,-40.932,6.9
213.604,1097.535,-40.669,6.8
213.606,1097.428,-40.405,6.7
213.608,1097.319,-40.138,6.601
213.61,1097.209,-39.87,6.501
213.611,1097.097,-39.601,6.401
213.613,1096.983,-39.329,6.301
213.615,1096.868,-39.056,6.202
213.617,1096.75,-38.781,6.102
213.62,1096.631,-38.504,6.002
213.622,1096.51,-38.225,5.903
213.624,1096.387,-37.944,5.803
213.626,1096.262,-37.662,5.704
213.629,1096.134,-37.377,5.604
213.631,1096.004,-37.09,5.505
213.633,1095.872,-36.801,5.405
213.636,1095.738,-36.51,5.306
213.638,1095.601,-36.217,5.207
213.641,1095.461,-35.921,5.107
213.644,1095.319,-35.623,5.008
213.647,1095.174,-35.323,4.909
213.649,1095.026,-35.02,4.81
213.652,1094.875,-34.715,4.711
213.655,1094.721,-34.408,4.612
213.659,1094.564,-34.098,4.513
213.662,1094.403,-33.785,4.414
213.665,1094.239,-33.47,4.315
213.669,1094.071,-33.152,4.216
213.672,1093.899,-32.831,4.118
213.676,1093.723,-32.507,4.019
213.68,1093.542,-32.18,3.921
213.684,1093.358,-31.85,3.822
213.688,1093.168,-31.517,3.724
213.692,1092.974,-31.18,3.626
213.696,1092.774,-30.841,3.527
213.701,1092.569,-30.497,3.429
213.706,1092.358,-30.151,3.331
213.71,1092.141,-29.801,3.233
213.716,1091.918,-29.448,3.136
213.721,1091.687,-29.09,3.038
213.727,1091.45,-28.729,2.941
213.732,1091.205,-28.363,2.843
213.739,1090.951,-27.993,2.746
213.745,1090.688,-27.619,2.649
213.752,1090.416,-27.24,2.552
213.759,1090.133,-26.857,2.456
213.766,1089.84,-26.468,2.359
213.774,1089.534,-26.074,2.263
213.783,1089.216,-25.675,2.166
213.792,1088.883,-25.271,2.07
213.801,1088.535,-24.861,1.974
213.811,1088.171,-24.446,1.879
213.822,1087.789,-24.025,1.783
213.833,1087.387,-23.599,1.689
213.846,1086.962,-23.166,1.594
213.859,1086.513,-22.727,1.5
213.874,1086.034,-22.279,1.406
213.889,1085.524,-21.825,1.312
213.907,1084.977,-21.364,1.219
213.926,1084.389,-20.895,1.126
213.947,1083.754,-20.419,1.034
213.97,1083.062,-19.935,0.943
213.996,1082.316,-19.453,0.852
214.025,1081.497,-18.965,0.765
214.058,1080.587,-18.471,0.679
214.096,1079.569,-17.974,0.595
214.14,1078.44,-17.485,0.514
214.194,1077.066,-16.968,0.433
214.262,1075.406,-16.445,0.352
214.332,1073.731,-16.034,0.266
214.437,1071.301,-15.57,0.202
214.593,1067.785,-15.111,0.134
214.768,1063.935,-14.86,0.065
215.113,1056.483,-14.634,0.03
215.613,1045.754,-14.626,6.874e-4
216.113,1035.023,-14.64,-0.001
216.613,1024.295,-14.618,0.002
217.113,1013.567,-14.64,-0.002
217.613,1002.837,-14.625,0.001
218.113,992.114,-14.62,3.973e-4
218.613,981.392,-14.62,2.635e-5
219.113,970.669,-14.625,-4.295e-4
219.613,959.947,-14.617,6.881e-4
219.977,952.148,-14.57,0.006
220.477,941.442,-14.63,-0.005
220.977,930.721,-14.609,0.002
221.477,920.02,-14.575,0.003
221.908,910.793,-14.618,-0.005
222.408,900.08,-14.599,0.002
222.908,889.371,-14.606,-6.249e-4
223.408,878.672,-14.572,0.003
223.793,870.441,-14.594,-0.003
224.293,859.738,-14.595,-1.051e-4
224.793,849.043,-14.573,0.002
225.235,839.586,-14.594,-0.002
225.735,828.885,-14.592,2.129e-4
226.235,818.184,-14.59,1.26e-4
226.735,807.494,-14.565,0.002
227.124,799.19,-14.574,-0.001
227.624,788.496,-14.591,-0.002
228.124,777.804,-14.569,0.002
228.564,768.398,-14.56,8.936e-4
229.064,757.711,-14.588,-0.003
229.564,747.043,-14.506,0.007
229.826,741.468,-14.539,-0.006
230.326,730.796,-14.567,-0.002
230.826,720.119,-14.554,0.001
231.326,709.437,-14.576,-0.002
231.826,698.758,-14.55,0.002
232.326,688.08,-14.57,-0.002
232.765,678.712,-14.513,0.006
233.265,668.047,-14.574,-0.006
233.765,657.385,-14.503,0.006
234.076,650.759,-14.535,-0.005
234.563,640.378,-14.563,-0.003
235.063,629.71,-14.531,0.003
235.563,619.044,-14.559,-0.003
236.063,608.377,-14.532,0.003
236.563,597.718,-14.539,-6.894e-4
236.957,589.31,-14.516,0.003
237.457,578.656,-14.54,-0.002
237.957,567.999,-14.525,0.001
238.457,557.341,-14.543,-0.002
238.957,546.685,-14.518,0.002
239.457,536.035,-14.528,-8.868e-4
239.849,527.697,-14.501,0.003
240.195,520.332,-14.526,-0.003
240.695,509.681,-14.52,5.237e-4
241.195,499.036,-14.513,6.984e-4
241.695,488.39,-14.522,-8.276e-4
242.15,478.717,-14.489,0.003
242.65,468.077,-14.53,-0.004
243.15,457.43,-14.507,0.002
243.65,446.789,-14.514,-6.898e-4
244.15,436.153,-14.494,0.002
244.65,425.516,-14.515,-0.002
245.15,414.877,-14.502,0.001
245.65,404.243,-14.499,2.587e-4
246.15,393.611,-14.496,2.814e-4
246.607,383.899,-14.476,0.002
246.948,376.65,-14.484,-9.643e-4
247.448,366.022,-14.502,-0.002
247.948,355.392,-14.488,0.001
248.29,348.137,-14.432,0.007
248.722,338.973,-14.497,-0.007
249.222,328.348,-14.478,0.002
249.722,317.728,-14.487,-7.716e-4
250.222,307.109,-14.473,0.001
250.722,296.491,-14.485,-0.001
251.144,287.559,-14.425,0.006
251.453,281.008,-14.471,-0.007
251.908,271.365,-14.429,0.004
252.376,261.444,-14.492,-0.006
252.876,250.829,-14.458,0.003
253.358,240.598,-14.44,0.002
253.804,231.157,-14.472,-0.003
254.304,220.548,-14.461,0.001
254.804,209.943,-14.461,-4.474e-5
255.304,199.339,-14.457,3.543e-4
255.804,188.737,-14.458,-4.312e-5
256.304,178.14,-14.443,0.001
256.804,167.547,-14.447,-4.311e-4
257.173,159.728,-14.418,0.004
257.53,152.169,-14.451,-0.004
258.03,141.576,-14.44,0.001
258.53,130.984,-14.448,-7.352e-4
259.006,120.923,-14.393,0.005
259.345,113.743,-14.434,-0.006
259.845,103.17,-14.402,0.003
260.215,95.362,-14.43,-0.004
260.715,84.781,-14.426,4.171e-4
261.215,74.202,-14.425,9.744e-5
261.715,63.629,-14.413,0.001
262.129,54.86,-14.415,-2.438e-4
262.629,44.282,-14.432,-0.002
263.129,33.71,-14.4,0.003
263.477,26.363,-14.396,4.798e-4
263.889,17.67,-14.427,-0.003
264.389,7.096,-14.412,0.001
# Event GROUND_HIT occurred at t=264.724 seconds
# Event SIMULATION_END occurred at t=264.724 seconds
264.724,0,-14.411,2.415e-4
